Date,FFR,GPR_ME,GSCPI,Oil,USDLAK,CPI_Inf,CPI,oil_shock,fx_dep,inflation_mom,post_2022,regime,event_tag,GPR_ME_alt
2006-01-31,4.47,0.1692828528583049,-0.3634341516029625,63.19,10150.0,8.11,64.0,,,,0,pre_2022,,0.19852261804044247
2006-02-28,4.52,0.1445537619292736,-0.7254590973076878,59.78,10155.0,8.55,64.3,-5.547490392957233,0.049248954455194394,0.4676547883902593,0,pre_2022,,0.16795618832111353
2006-03-31,5.0,0.1383070290088653,-0.3793875976245883,66.06,10260.0,8.19,64.6,9.98922631068515,1.0286644710275183,0.4654779544981835,0,pre_2022,,0.16355810500681395
2006-04-30,4.86,0.1535520683974027,0.1064278920643181,72.15,9855.0,8.32,65.7,8.818386525723643,-4.027389913794011,1.6884514702009135,0,pre_2022,,0.18488922528922552
2006-05-31,5.05,0.1149184502661228,0.1075900379675433,67.57,10015.0,7.99,66.1,-6.558318765579685,1.610502851309903,0.606982136707579,0,pre_2022,,0.13317372463643548
2006-06-30,5.05,0.1783069901168346,0.1641677552374358,73.2,10152.5,8.08,66.6,8.00313234031833,1.3636011460533837,0.7535830688702561,0,pre_2022,,0.20777297578752035
2006-07-31,5.31,0.519629018753767,-0.0915138557232836,74.75,10092.5,7.74,67.0,2.095379130352981,-0.592740683335613,0.5988041844622316,0,pre_2022,,0.6392135694622993
2006-08-31,5.31,0.4589021243155002,0.0687842530424044,67.66,10068.0,6.92,67.8,-9.965404891823404,-0.24304964718897537,1.1869575555383705,0,pre_2022,,0.566366545855999
2006-09-30,5.34,0.2221884928643703,-0.6364694442739647,59.09,10038.0,5.49,67.9,-13.543345799497875,-0.29841860403276854,0.14738396183009428,0,pre_2022,,0.2648353278636932
2006-10-31,5.31,0.1589522249996662,-0.5160332947019136,56.13,9910.0,3.7,67.3,-5.139127640347496,-1.2833542890845706,-0.887579791396842,0,pre_2022,,0.1808304814621806
2006-11-30,5.31,0.1651738293468952,-0.2305653096905687,64.36,9843.5,4.4,67.1,13.68218931700742,-0.6733009463891548,-0.297619267304583,0,pre_2022,,0.19508122280240053
2006-12-31,5.17,0.2152005687355995,-0.4597365133438014,58.96,9697.5,4.73,67.1,-8.763307424310174,-1.494321854601921,0.0,0,pre_2022,,0.2576230373233557
2007-01-31,5.33,0.164916618168354,-0.8731988758697284,56.52,9649.5,5.5,67.4,-4.2264690064754085,-0.4962019794957584,0.4460973940624946,0,pre_2022,,0.18993206135928628
2007-02-28,5.41,0.1636963687837123,-0.7128771859107026,59.39,9667.5,4.92,67.5,4.953130421144181,0.1863643962286332,0.14825799602231626,0,pre_2022,,0.19884488359093666
2007-03-31,5.3,0.1624934956431389,-0.5887360857286694,68.47,9640.0,4.64,67.7,14.226983110520308,-0.28486358768606834,0.29585820397448614,0,pre_2022,,0.180708959698677
2007-04-30,5.29,0.1288378953933716,-0.8258029318205403,67.23,9616.0,3.56,68.2,-1.8276116652025998,-0.24927308296014417,0.7358384931187345,0,pre_2022,,0.15063137002289292
2007-05-31,5.28,0.167423751950264,-0.4146469106804458,68.18,9581.0,3.43,68.5,1.4031690228811122,-0.36464071241155693,0.4389180418763239,0,pre_2022,,0.19548994302749628
2007-06-30,5.31,0.1921004250645637,-0.3734096088671595,72.22,9613.0,3.49,69.0,5.7565749139555145,0.33343784149426625,0.7272759329080003,0,pre_2022,,0.22269067354500288
2007-07-31,5.28,0.1624963581562042,-0.4345946800960715,77.01,9535.0,3.53,69.5,6.42182677018468,-0.8147110031297089,0.7220247973486416,0,pre_2022,,0.19502799957990646
2007-08-31,4.96,0.1053734071552753,-0.0988240504496813,72.29,9629.0,3.58,70.4,-6.3249476538953076,0.9810139205765012,1.2866510593251057,0,pre_2022,,0.12616243772208688
2007-09-30,4.58,0.161411415785551,-0.0338738810037212,80.97,9630.0,4.25,70.9,11.339290868581742,0.010384755188752592,0.7077170374084396,0,pre_2022,,0.19081582129001612
2007-10-31,4.6,0.2339883893728256,-0.6067162041670332,89.87,9622.0,5.59,71.2,10.428546597225896,-0.08310825327733085,0.42223848798483843,0,pre_2022,,0.2731771543622017
2007-11-30,4.66,0.1575841095298528,-0.4814833583714222,88.71,9455.0,6.13,71.3,-1.2991559137786268,-1.7508441166841138,0.14035090023201136,0,pre_2022,,0.19023937173187733
2007-12-31,3.06,0.1775819037109613,-0.1441386475686567,93.68,9354.0,5.57,71.0,5.451209675696589,-1.0739642806726124,-0.42164503789345886,0,pre_2022,,0.21468615159392357
2008-01-31,3.22,0.1793666139245033,-0.3696811732039629,91.58,9325.0,6.09,71.6,-2.2671812060512053,-0.3105093773815071,0.8415196925284363,0,pre_2022,,0.2140877554193139
2008-02-29,3.01,0.1557483866810798,0.4654366205490935,100.9,8956.0,6.43,72.0,9.691702013061398,-4.037526679337056,0.5571045049455492,0,pre_2022,,0.1748196184635162
2008-03-31,2.51,0.1740261353552341,0.156881365427289,102.33,8750.0,7.73,73.1,1.4072957739100111,-2.3269998366984623,1.516224773967778,0,pre_2022,,0.2051464673131704
2008-04-30,2.37,0.1298454523086548,0.1322736030069244,111.12,8734.0,8.68,74.3,8.240781334742486,-0.18302453061540547,1.6282584967980185,0,pre_2022,,0.1345958951860666
2008-05-31,1.98,0.1996641717851162,-0.1173209284567859,127.85,8700.0,10.32,75.6,14.02470032911074,-0.3900429402831307,1.7345331461774194,0,pre_2022,,0.23507861234247684
2008-06-30,2.47,0.1996346548199653,0.2753533813804681,138.4,8695.0,10.2,75.9,7.92903414463737,-0.05748778542926658,0.3960401216096976,0,pre_2022,,0.223447285592556
2008-07-31,2.09,0.2074044734239578,1.007830000143561,124.1,8555.0,9.96,76.3,-10.906035097300837,-1.623224046208982,0.5256253888826556,0,pre_2022,,0.22292678430676457
2008-08-31,1.94,0.1021055079996585,0.2777932476898039,113.49,8651.0,9.57,76.8,-8.93729648975139,1.1159013854081579,0.6531701863215389,0,pre_2022,,0.11595315020531412
2008-09-30,2.03,0.0969862647354602,-0.5388971933177563,93.52,8549.5,8.49,76.9,-19.353941014923404,-1.180211949172616,0.13012363579720798,0,pre_2022,,0.10495996754616495
2008-10-31,0.22,0.0999687582254409,-0.9850980844513064,60.0,8575.0,6.53,75.8,-44.38307549417129,0.2978191345492931,-1.4407583863272677,0,pre_2022,,0.11480787023901935
2008-11-30,0.52,0.1439383700489998,-1.5309444213310224,47.72,8542.5,4.55,74.6,-22.899396499238513,-0.3797288044694369,-1.5957785438610372,0,pre_2022,,0.16894174925982947
2008-12-31,0.14,0.2043327495455741,-0.6973804864338433,35.82,8473.0,3.17,73.2,-28.684420059714945,-0.8169067790982254,-1.8945086242449172,0,pre_2022,,0.24795853719115252
2009-01-31,0.23,0.4602785278111696,-0.4049168563215065,44.17,8505.0,2.43,73.4,20.95394289758694,0.3769588631497456,0.2728514653203895,0,pre_2022,,0.5693009570240974
2009-02-28,0.22,0.1549338169395923,-0.4433675417435937,44.41,8555.0,1.64,73.2,0.5418843695575326,0.5861681496330817,-0.2728514653203895,0,pre_2022,,0.18896660953760144
2009-03-31,0.16,0.1401707001030445,0.1861461348733397,46.13,8575.0,0.67,73.5,3.7998828265718654,0.233508570784835,0.4089985251524375,0,pre_2022,,0.16393726691603655
2009-04-30,0.2,0.1200115710496902,0.8488706566921972,50.3,8550.0,-0.19,74.1,8.654157953596409,-0.2919710103334694,0.8130126083250921,0,pre_2022,,0.1409774478524923
2009-05-31,0.19,0.1460011482238769,0.339368770463092,64.98,8532.0,-1.59,74.5,25.607445313526078,-0.21074823395661468,0.5383593083472249,0,pre_2022,,0.17441023886203763
2009-06-30,0.22,0.1534122981131077,-0.5045210581959092,68.11,8525.0,-1.84,74.8,4.704451501227247,-0.0820777439523468,0.4018759594917931,0,pre_2022,,0.18518518842756745
2009-07-31,0.18,0.1283814758062362,-0.7406302400972696,70.08,8525.0,-1.51,75.4,2.851340137490954,0.0,0.7989390033478649,0,pre_2022,,0.15187987126410002
2009-08-31,0.15,0.0712227925658226,-1.128026313201707,69.02,8515.0,-2.26,75.4,-1.5241128958279226,-0.11737090549281959,0.0,0,pre_2022,,0.0870278505608439
2009-09-30,0.07,0.1836184993386268,-0.490592898185109,65.82,8522.0,-1.76,75.6,-4.747257415466333,0.08217409630688621,0.2649008171577094,0,pre_2022,,0.20486361533403394
2009-10-31,0.11,0.1315695859491825,-0.4551527896944134,74.91,8487.5,-0.11,75.8,12.936364944459822,-0.4056562192905844,0.2642009462838324,0,pre_2022,,0.15112722665071485
2009-11-30,0.13,0.1357069335877895,-0.7918202796245575,77.77,8502.0,1.5,75.7,3.74683597470602,0.1706937051784152,-0.13201322049223307,0,pre_2022,,0.1562916934490203
2009-12-31,0.05,0.148040872067213,-0.6136524299442792,77.91,8497.0,3.92,76.1,0.17985616359146306,-0.05882699151946724,0.5270104424236699,0,pre_2022,,0.17901681549847123
2010-01-31,0.12,0.1390069842338562,-0.3216789565097193,71.2,8487.5,4.2,76.4,-9.00614959248367,-0.11186671365894796,0.3934431304834618,0,pre_2022,,0.1682132389396429
2010-02-28,0.13,0.1572910964488983,-0.1547602302887115,76.36,8485.0,4.71,76.6,6.9966180439617,-0.029459419862476466,0.2614380574070374,0,pre_2022,,0.18387037888169286
2010-03-31,0.09,0.1513711649924516,0.3655431726553302,80.37,8465.0,4.89,77.1,5.118197336707997,-0.23598831010911425,0.6506203822738144,0,pre_2022,,0.1849714908748865
2010-04-30,0.2,0.1758257389068603,0.2966997555146655,86.19,8275.0,4.84,77.7,6.9913189434680945,-2.2701094321972093,0.7751976804318161,0,pre_2022,,0.191308369860053
2010-05-31,0.19,0.1733315177261829,0.4363112180041666,73.0,8288.5,4.77,78.1,-16.60947205109169,0.16300906196562437,0.5134799472038765,0,pre_2022,,0.20813430286943913
2010-06-30,0.09,0.4375644974410534,-0.0317737777727915,74.94,8257.0,4.94,78.5,2.6228352217150253,-0.38076864474909655,0.5108567942722964,0,pre_2022,,0.5366357043385506
2010-07-31,0.18,0.1828796476125717,-0.0385034906660507,77.5,8236.0,6.82,80.5,3.3590142993760175,-0.2546536269749211,2.5158559636154543,0,pre_2022,,0.219807269051671
2010-08-31,0.21,0.1644576266407966,0.3096399631943051,75.51,8189.5,7.98,81.4,-2.60128385439673,-0.566194322524538,1.1118088583977226,0,pre_2022,,0.1924304421991109
2010-09-30,0.15,0.1202700778841972,0.3745296124116614,80.77,8117.5,8.14,81.7,6.734051163887056,-0.883062094543341,0.36787288574622323,0,pre_2022,,0.13978759013116354
2010-10-31,0.2,0.1078450690954923,0.6797057347341646,82.47,8030.0,7.87,81.7,2.082898139105982,-1.0837697036194527,0.0,0,pre_2022,,0.13069638703018424
2010-11-30,0.2,0.197756889462471,0.4515135424153908,86.02,8050.0,6.7,80.8,4.2145236510325645,0.24875634718029005,-1.107703633890722,0,pre_2022,,0.23059990629553795
2010-12-31,0.13,0.1669247299432754,0.7018005140534973,93.23,8052.5,5.76,80.5,8.048973095301193,0.031051079274391213,-0.3719781102532238,0,pre_2022,,0.17655500397086138
2011-01-31,0.17,0.1766707725822925,0.7722429834993025,98.97,8058.0,6.06,81.1,5.974721559999807,0.06827845459387305,0.7425776696849518,0,pre_2022,,0.21269278507679698
2011-02-28,0.16,0.3721038114279508,0.3675160711436755,112.27,8055.0,6.66,81.7,12.60899105620883,-0.037237014021762604,0.7371040744589941,0,pre_2022,,0.4583607241511345
2011-03-31,0.1,0.4165696203708648,0.7432509725049012,116.94,8049.0,7.73,83.1,4.075429827683585,-0.07451565173415275,1.6990699995445446,0,pre_2022,,0.5049076676368713
2011-04-30,0.09,0.2490250051021575,1.628635932968839,126.59,8030.0,9.2,84.9,7.92925349012128,-0.23633321529263895,2.142939145589917,0,pre_2022,,0.2790797464549541
2011-05-31,0.1,0.2684851333498955,0.9431652578250476,117.18,8031.0,9.76,85.7,-7.72423035320946,0.012452524765471651,0.9378732286432268,0,pre_2022,,0.31864758208394045
2011-06-30,0.07,0.2441219866275787,0.2000351820570553,111.71,8022.5,9.52,85.9,-4.780498653388587,-0.10589592044496499,0.23310033864758495,0,pre_2022,,0.28444892168045044
2011-07-31,0.11,0.1408554539084434,0.2887487528298115,115.93,8010.0,7.13,86.3,3.708033309955372,-0.15593329216070373,0.46457690991719147,0,pre_2022,,0.16869468614459035
2011-08-31,0.08,0.2555551409721374,-0.100861871669356,116.48,8013.5,6.29,86.6,0.4733023766065436,0.04368583712253127,0.34702174790073315,0,pre_2022,,0.29696106910705566
2011-09-30,0.06,0.2812499985098838,-0.5525558804359453,105.42,8015.0,6.35,86.9,-9.97672130213152,0.018716661002393664,0.34582167029570954,0,pre_2022,,0.3311434648931026
2011-10-31,0.09,0.2458296716213226,-0.376619350099848,108.43,8007.0,6.66,87.2,2.8152432057029664,-0.09986269710200446,0.34462986435874754,0,pre_2022,,0.282704122364521
2011-11-30,0.1,0.3437110863626003,0.1412272539055031,111.22,8018.0,7.93,87.2,2.5405418275327385,0.13728551298175518,0.0,0,pre_2022,,0.4225226864218712
2011-12-31,0.04,0.2221207946538925,-0.0399248110312505,108.09,8023.0,7.7,86.7,-2.8546008331305828,0.06234025512039665,-0.5750447128437308,0,pre_2022,,0.27099497616291046
2012-01-31,0.11,0.2711738400161266,0.3866242901380932,110.26,7990.0,6.69,86.5,1.9876999733425826,-0.4121656993335776,-0.23094698486625376,0,pre_2022,,0.3259658142924309
2012-02-29,0.1,0.3397448115050793,0.0111658719671612,122.23,7982.5,6.11,86.7,10.306330262763375,-0.09391141713823714,0.23094698486625376,0,pre_2022,,0.41135022044181824
2012-03-31,0.09,0.2910545617341995,-0.3665219826818633,123.41,7988.0,5.33,87.5,0.9607629675921103,0.06887699467679198,0.9184909577072631,0,pre_2022,,0.34829989075660706
2012-04-30,0.16,0.2663631230592728,-0.3246774840577355,118.66,7998.0,4.37,88.6,-3.9249884634595666,0.12510948710584557,1.2493064247466101,0,pre_2022,,0.31587934494018555
2012-05-31,0.16,0.1849710963666439,-0.6724994008066175,103.86,8023.0,3.77,88.9,-13.321842241432424,0.3120906346891772,0.3380284908823583,0,pre_2022,,0.22489161603152746
2012-06-30,0.09,0.2753151576966047,-0.7036102278072501,94.17,8009.0,3.56,89.0,-9.794217889420054,-0.17465074299725103,0.11242272122808927,0,pre_2022,,0.33666255697607994
2012-07-31,0.13,0.3334745295345783,-0.6864730991216974,105.93,8023.5,2.92,88.8,11.767683908643267,0.18088263157309825,-0.2249719734015443,0,pre_2022,,0.40721629932522774
2012-08-31,0.13,0.3303437992930412,-0.1359552637534979,113.93,8015.0,3.36,89.5,7.280572610161951,-0.10599495957599459,0.7851975282685331,0,pre_2022,,0.3989162966609001
2012-09-30,0.09,0.2484790697693824,-0.2610780447269734,111.36,8013.0,3.67,90.1,-2.281602812391448,-0.024956326558367437,0.6681539333482256,0,pre_2022,,0.3014366291463375
2012-10-31,0.18,0.2505233768373728,-0.0055350102835665,109.89,8000.0,3.51,90.2,-1.3288331127276898,-0.1623681116097231,0.11092624542863305,0,pre_2022,,0.30617585405707354
2012-11-30,0.16,0.4257886059582233,-0.3533038369563143,110.84,8000.0,3.36,90.1,0.8607854535944703,0.0,-0.11092624542863305,0,pre_2022,,0.5207039825618267
2012-12-31,0.09,0.2027026981115341,-0.150652839031931,110.8,7987.0,4.73,90.8,-0.03609456815940604,-0.16263217445846578,0.7739120992956039,0,pre_2022,,0.2417287919670343
2013-01-31,0.15,0.1643976330757141,-0.0500655806600768,115.55,7937.5,5.7,91.4,4.197656240720615,-0.6216855716441927,0.6586192852856776,0,pre_2022,,0.18714909069240088
2013-02-28,0.14,0.2044602267444134,-0.3764825401089685,112.2,7890.0,6.03,92.0,-2.9420343631793244,-0.6002229361026679,0.654309858893587,0,pre_2022,,0.2466942891478538
2013-03-31,0.09,0.2084958478808403,-0.5429472445670704,108.46,7750.0,5.8,92.6,-3.3901551675682207,-1.7903291492526563,0.6500564603093117,0,pre_2022,,0.24820934236049652
2013-04-30,0.14,0.1879305176436901,-0.7332043089519948,101.53,7750.0,5.45,93.4,-6.602712009978262,0.0,0.8602203582663392,0,pre_2022,,0.22368223965167994
2013-05-31,0.09,0.1991485707461834,-0.8670968755186925,100.43,7679.0,5.65,94.0,-1.0893353907883707,-0.920351301684974,0.6403437035206849,0,pre_2022,,0.24532794952392575
2013-06-30,0.07,0.1788500346243381,-0.6693628749171889,102.49,7765.0,6.26,94.6,2.0304265438223723,1.1137126252243945,0.6362693787828277,0,pre_2022,,0.21500057354569427
2013-07-31,0.09,0.2214891552925109,-0.6569482468391112,107.89,7795.5,7.43,95.4,5.134695671977685,0.392018753381862,0.8421102396408919,0,pre_2022,,0.26115299388766283
2013-08-31,0.07,0.3030418984591961,-0.5695971145482991,115.97,7840.0,6.83,95.6,7.221934740536362,0.5692190227847505,0.2094241603114888,0,pre_2022,,0.3701932281255722
2013-09-30,0.06,0.3201723963022232,-0.2846752404153567,107.85,7849.0,6.87,96.3,-7.259016413344632,0.11473007823603609,0.7295498746723972,0,pre_2022,,0.38578464835882187
2013-10-31,0.07,0.2430467694997787,-0.1867587402510684,107.53,7905.0,6.72,96.3,-0.29714944327308146,0.7109335516759074,0.0,0,pre_2022,,0.2848204337060451
2013-11-30,0.07,0.3082749485969543,-0.6964573651982221,111.07,8005.0,6.94,96.4,3.239075477659359,1.257087578724203,0.10378828124197881,0,pre_2022,,0.3768225722014904
2013-12-31,0.07,0.1790174856781959,-0.4987096645304981,109.95,8034.5,6.65,96.8,-1.0134916178258457,0.36784230509923077,0.4140792666031956,0,pre_2022,,0.2019150704145431
2014-01-31,0.07,0.1940298520028591,-0.6386336297879808,108.16,8035.0,5.99,96.9,-1.6414104706115928,0.006222968980651444,0.1032524614188901,0,pre_2022,,0.23075412586331365
2014-02-28,0.06,0.1335545409470796,-0.2846926359333408,108.98,8022.0,5.66,97.2,0.7552766860298377,-0.16192318416159424,0.3091192569672607,0,pre_2022,,0.1596847772598266
2014-03-31,0.06,0.1823255807161331,-0.6254110460162964,105.95,8041.5,5.32,97.5,-2.819709444064422,0.24278656057035164,0.30816665374082675,0,pre_2022,,0.2139534875750541
2014-04-30,0.09,0.1033245265483856,-0.8242954931290022,108.63,8045.0,5.25,98.3,2.4980327731351615,0.04351474907817732,0.8171649149319116,0,pre_2022,,0.12028236873447892
2014-05-31,0.08,0.1294449687004089,-0.8355352437817898,109.21,8075.0,4.73,98.5,0.5325021763977311,0.3722088664373402,0.20325210249225734,0,pre_2022,,0.15051740594208238
2014-06-30,0.09,0.1990799501538276,-0.6979232880390295,111.03,8036.0,4.26,98.6,1.652780085653749,-0.48414221560317827,0.10147134305462657,0,pre_2022,,0.23893559724092478
2014-07-31,0.08,0.4416725501418114,-0.8248778196527791,104.94,8045.0,3.7,98.9,-5.6411676807608835,0.11193334916583808,0.30379770200772427,0,pre_2022,,0.5393425896763802
2014-08-31,0.07,0.4419432282447815,-0.6303013142414327,101.12,8041.0,3.62,99.0,-3.7080827860018317,-0.049732687833348166,0.10106115059231868,0,pre_2022,,0.5420839227735996
2014-09-30,0.07,0.3227360315620899,-0.8215297441600508,94.67,8054.5,3.05,99.2,-6.591077025774794,0.16774878898697665,0.20181641562375674,0,pre_2022,,0.39137765020132065
2014-10-31,0.07,0.1946620054543018,-0.5981970235539039,84.17,8054.0,3.03,99.2,-11.755859691731452,-0.006207902661969911,0.0,0,pre_2022,,0.2328720279037952
2014-11-30,0.08,0.1947451006621122,-0.9796372572447956,71.89,8057.0,2.81,99.1,-15.770139022770469,0.03724163657956581,-0.10085729548849898,0,pre_2022,,0.23638997226953504
2014-12-31,0.06,0.1524058327078819,-0.4003464385293892,55.27,8095.0,2.4,99.1,-26.290690715060894,0.47053083345396374,0.0,0,pre_2022,,0.17635532096028325
2015-01-31,0.06,0.2496126033365726,-0.5137671103254251,47.52,8121.5,2.04,98.9,-15.107959079078181,0.32682790477149837,-0.20202027072757645,0,pre_2022,,0.2984043285250664
2015-02-28,0.06,0.256340080499649,-0.3258833866162429,61.89,8111.0,1.44,98.6,26.420794069688025,-0.12937010891054257,-0.30379770200772427,0,pre_2022,,0.3078817687928676
2015-03-31,0.06,0.4185031101107597,-0.3905273047327533,53.69,8115.0,1.19,98.7,-14.213185131679174,0.04930358783461486,0.10136848308466284,0,pre_2022,,0.5097417309880257
2015-04-30,0.08,0.3630489345639944,-0.3591480015153042,63.9,8099.0,0.95,99.3,17.40925969490106,-0.1973603699701343,0.606062461169099,0,pre_2022,,0.446371641010046
2015-05-31,0.08,0.2214716278016567,-0.5550276289261104,63.16,8105.5,1.19,99.6,-1.164817199604773,0.08022463326380347,0.3016593539425294,0,pre_2022,,0.26401299238204956
2015-06-30,0.08,0.2078642025589943,-0.87497636805583,60.31,8111.0,1.37,99.9,-4.617326192454563,0.06783214887171596,0.30075210639557426,0,pre_2022,,0.24250823631882662
2015-07-31,0.08,0.3645179472863674,-0.417781880045235,53.29,8210.0,1.17,100.1,-12.374923115420433,1.2131758376130009,0.20000006666665016,0,pre_2022,,0.44157756119966507
2015-08-31,0.08,0.2497408285737037,-0.6895123863646098,47.97,8171.5,1.29,100.3,-10.517288079471854,-0.4700432913361752,0.19960086467154525,0,pre_2022,,0.3039298765361309
2015-09-30,0.07,0.3384374342858791,-0.4020380960420781,47.29,8145.0,1.23,100.4,-1.4276958858188138,-0.32482484969680314,0.0996512289739293,0,pre_2022,,0.40890898182988167
2015-10-31,0.07,0.2806050058454275,-0.2461554797576113,48.0,8167.5,1.32,100.5,1.4902154252106836,0.2758622439079872,0.09955202415010689,0,pre_2022,,0.3446737788617611
2015-11-30,0.08,0.4694063812494278,-0.649100877691472,43.73,8155.31,1.27,100.3,-9.31666454830622,-0.14936156539473444,-0.1992032531240362,0,pre_2022,,0.5730593465268612
2015-12-31,0.2,0.3383828520774841,-0.607749180043151,36.61,8145.0,0.9,100.0,-17.77129382926841,-0.12650067851325275,-0.2995508979798167,0,pre_2022,,0.40699391067028046
2016-01-31,0.29,0.2799406751990318,-0.8041596359773592,33.14,8160.84,0.84,99.9,-9.958041513372784,0.19428628003996806,-0.1000500333583787,0,pre_2022,,0.3325454220175743
2016-02-29,0.29,0.2876993790268898,-0.7576905447020873,35.92,8135.25,1.32,100.2,8.05532314355819,-0.31406332481083155,0.2998502996256036,0,pre_2022,,0.34983853064477444
2016-03-31,0.25,0.2453487910330295,-0.659736602494206,36.75,8130.85,1.13,100.1,2.2843982224846737,-0.05410024661482993,-0.09985023295895346,0,pre_2022,,0.2953691631555557
2016-04-30,0.3,0.1831110266968608,-0.2768878350992896,45.64,8129.09,0.96,100.7,21.66462993350291,-0.021648296449860993,0.5976113403342254,0,pre_2022,,0.22540316730737686
2016-05-31,0.29,0.2048527292907238,-0.7166828673530207,49.26,8111.16,1.17,101.2,7.632786769851707,-0.22080949843843456,0.49529571288484675,0,pre_2022,,0.25037555769085884
2016-06-30,0.3,0.1991787400096654,-0.2913950359436621,48.05,8116.36,1.62,101.9,-2.48702572760906,0.06408866145886094,0.689318337531386,0,pre_2022,,0.24189361184835428
2016-07-31,0.3,0.2995629295706749,-0.1734125087595251,40.76,8111.43,1.97,102.0,-16.454092706177725,-0.06075996980090537,0.09808730555915801,0,pre_2022,,0.36708736047148705
2016-08-31,0.3,0.2098408125340938,0.0889118087119933,47.94,8094.0,1.85,102.2,16.22490206517142,-0.2151131654173355,0.19588644853332227,0,pre_2022,,0.25325615331530565
2016-09-30,0.29,0.2187941111624241,-0.2969691036879887,48.24,8113.26,1.84,102.3,0.6238323412691926,0.23767137771919522,0.09779951879771431,0,pre_2022,,0.2659306302666664
2016-10-31,0.31,0.1924020811915397,-0.0607275138971585,46.2,8165.0,1.86,102.4,-4.320875433123694,0.6356966191562563,0.0977039647826139,0,pre_2022,,0.23314027674496174
2016-11-30,0.31,0.1292241409420967,-0.3143124538629114,47.95,8180.47,2.09,102.4,3.717900324175405,0.18928797543384945,0.0,0,pre_2022,,0.1538382628932595
2016-12-31,0.55,0.2565616369247436,-0.2256124406483824,54.96,8183.87,2.49,102.5,13.644684658464712,0.04155376934136257,0.09760859730558735,0,pre_2022,,0.3126509487628937
2017-01-31,0.56,0.2816045396029949,0.1664427910315672,55.25,8196.32,2.27,102.0,0.5262692483768205,0.15201291801201222,-0.4889985294192378,0,pre_2022,,0.3393435999751091
2017-02-28,0.57,0.2346073426306247,0.1489683931101732,53.36,8201.95,1.67,101.5,-3.4806938790494346,0.06866578268578394,-0.4914014802428923,0,pre_2022,,0.28362155333161354
2017-03-31,0.82,0.1730436474084854,0.0776758045087339,52.2,8205.31,1.75,101.5,-2.1978906718775004,0.04095747915204839,0.0,0,pre_2022,,0.2030859477818012
2017-04-30,0.83,0.2322160333395004,0.0117830383243144,49.46,8209.45,1.52,101.8,-5.391823279532293,0.05044240778158127,0.2951305634580237,0,pre_2022,,0.27976252883672714
2017-05-31,0.83,0.2548740852624178,-0.1445763732713084,49.4,8203.86,1.07,101.9,-0.1213837899393333,-0.06811545283831322,0.09818361122571062,0,pre_2022,,0.31605402007699007
2017-06-30,1.06,0.3601651154458523,0.0877964069221112,47.08,8252.61,0.41,102.0,-4.810214180180106,0.5924738732417723,0.09808730555915801,0,pre_2022,,0.44117646664381027
2017-07-31,1.07,0.2575107291340828,0.0924186945859847,51.99,8290.0,-0.03,102.0,9.920311000354864,0.45204551966744333,0.0,0,pre_2022,,0.31129126250743866
2017-08-31,1.07,0.1591540277004242,0.3932948384153831,52.69,8289.42,0.16,102.3,1.3374291825569706,-0.006996625940303147,0.2936859673310366,0,pre_2022,,0.1895962413400411
2017-09-30,1.06,0.1657762080430984,0.5548201897367132,57.02,8302.0,0.31,102.6,7.897639926333211,0.15164467430466289,0.29282597790878384,0,pre_2022,,0.18475059419870368
2017-10-31,1.07,0.1728755794465541,0.7957669014503408,61.35,8325.0,0.49,102.9,7.319308767239452,0.27665862356602844,0.2919710103334694,0,pre_2022,,0.2069637216627597
2017-11-30,1.07,0.2684733182191848,0.8140002190094138,63.53,8323.0,0.23,102.7,3.4917064121520625,-0.024026910254981715,-0.1945525905490797,0,pre_2022,,0.31770745292305946
2017-12-31,1.33,0.1919034980237484,0.6881592706872397,66.73,8316.0,0.15,102.6,4.914239163707368,-0.08413967681910606,-0.0974184197843897,0,pre_2022,,0.23531024158000946
2018-01-31,1.34,0.2351409919559955,0.5912731791882245,67.78,8312.5,0.95,102.9,1.5612539263390346,-0.042096401379509985,0.2919710103334694,0,pre_2022,,0.2841648515313864
2018-02-28,1.35,0.1766948734410107,0.0620687593324625,66.08,8288.5,1.75,103.0,-2.5401036966182566,-0.28913940991888154,0.09713453896322832,0,pre_2022,,0.2197061255574226
2018-03-31,1.67,0.1819347627460956,0.4385318407169459,69.02,8290.0,1.91,103.5,4.353018845713397,0.01809572644209112,0.4842624475787538,0,pre_2022,,0.2163981758058071
2018-04-30,1.69,0.3204768247902393,0.5190247782716778,75.92,8318.99,1.88,103.7,9.528383663181561,0.3490884086268409,0.19305025300582201,0,pre_2022,,0.3951971624046564
2018-05-31,1.7,0.3790234491229057,0.3798227117614716,76.45,8371.0,1.97,103.9,0.6956778073399228,0.6232498444447288,0.1926782869699828,0,pre_2022,,0.456971175968647
2018-06-30,1.91,0.1701705813407898,0.4346908078800527,77.44,8425.5,2.18,104.2,1.2866510593250169,0.6489469980540008,0.2883231214084958,0,pre_2022,,0.19102886877954003
2018-07-31,1.91,0.1793109327554702,0.4449762906555983,74.16,8432.5,2.44,104.5,-4.327852171072255,0.08304662952092201,0.28749420855991303,0,pre_2022,,0.21346539631485936
2018-08-31,1.91,0.3323330491781234,0.5344544794205904,76.94,8518.0,2.57,105.0,3.680097606654975,1.0088283547352361,0.47732787526575393,0,pre_2022,,0.3549514040350914
2018-09-30,2.18,0.12935741096735,0.4684274066777152,82.72,8526.0,3.06,105.7,7.243551343596977,0.09387468419976841,0.6644542718668767,0,pre_2022,,0.15644686855375758
2018-10-31,2.2,0.33119129948318,0.5335075576159352,74.84,8539.5,2.14,105.1,-10.010890935422978,0.1582139734090049,-0.5692614993286327,0,pre_2022,,0.4067803584039211
2018-11-30,2.2,0.3128046538680792,0.4568576553452956,57.71,8543.0,2.14,104.9,-25.992203268301406,0.04097760923720273,-0.19047624806542984,0,pre_2022,,0.38676727190613747
2018-12-31,2.4,0.244074160978198,0.4660184579057986,50.57,8556.0,1.48,104.2,-13.207195363098334,0.15205570506786614,-0.6695386082984811,0,pre_2022,,0.30039896722882986
2019-01-31,2.4,0.2345941349864006,0.5167077536367544,62.46,8561.0,1.5,104.5,21.116783676304117,0.05842145401881993,0.28749420855991303,0,pre_2022,,0.28261793404817576
2019-02-28,2.4,0.1718440182507038,0.144892336281757,65.03,8582.5,1.57,104.9,4.032235002612783,0.2508240589362387,0.3820443997385681,0,pre_2022,,0.21126428060233587
2019-03-31,2.43,0.144323019310832,0.2143621339400501,67.93,8595.0,1.66,105.2,4.362906132215016,0.14553924851021804,0.28557849013584047,0,pre_2022,,0.17518979217857122
2019-04-30,2.45,0.2283105097711086,0.0161468596029938,72.19,8688.0,2.21,106.0,6.082376894785835,1.0762124356766378,0.7575793808457298,0,pre_2022,,0.277553953230381
2019-05-31,2.4,0.2716410215944052,-0.6237912641324433,66.78,8704.5,2.54,104.5,-7.789789763556065,0.18973701250573072,-1.4252022707201384,0,pre_2022,,0.3341786302626133
2019-06-30,2.4,0.3037362955510616,-0.4701031206381957,67.52,8717.0,2.48,106.8,1.1020215772193254,0.14350087128036648,2.1770855121229005,0,pre_2022,,0.3667270615696907
2019-07-31,2.4,0.20617644675076,-0.4505406828238122,64.07,8691.32,3.0,107.6,-5.244761463677161,-0.2950315553405858,0.7462721201589417,0,pre_2022,,0.25108397752046585
2019-08-31,2.13,0.1566233061254024,-0.290303868556454,61.04,8745.0,3.34,108.5,-4.844684867472893,0.6157281994530805,0.8329525252830372,0,pre_2022,,0.18471816461533308
2019-09-30,1.9,0.3171088244765997,0.132231701602992,60.99,8830.0,3.92,109.9,-0.0819470667836164,0.9672906145304694,1.282068842906181,0,pre_2022,,0.38974268920719624
2019-10-31,1.58,0.372488011047244,0.0895973512714385,59.3,8846.1,5.34,110.7,-2.8100610304685247,0.18216693107966364,0.7252978305015034,0,pre_2022,,0.4582527447491884
2019-11-30,1.56,0.1390845049172639,0.1519526280303522,64.5,8870.0,5.91,111.1,8.405591779804666,0.26981123948228714,0.3606856930993274,0,pre_2022,,0.1672535184770822
2019-12-31,1.55,0.1951266875490546,0.0418171393786047,67.77,8885.0,6.24,110.7,4.945439534629514,0.16896652851254856,-0.3606856930993274,0,pre_2022,,0.24026793614029882
2020-01-31,1.59,0.4112067010253667,0.0595206090531259,57.77,8883.83,6.94,111.7,-15.965000935484763,-0.013169128205881009,0.8992866360563845,0,pre_2022,,0.5106993094086647
2020-02-29,1.58,0.1890325479209423,1.3050936379053255,51.31,8910.0,6.24,111.5,-11.858394483930068,0.29414711581630115,-0.17921151749815678,0,pre_2022,,0.22403031960129738
2020-03-31,0.08,0.1308363266289234,2.6729168474156197,14.85,8945.0,6.14,111.7,-123.98857997051648,0.3920475477963592,0.17921151749815678,0,pre_2022,,0.15499401465058327
2020-04-30,0.05,0.0705631107091903,3.387152734683441,18.11,8980.05,5.84,112.1,19.84644066466137,0.3910733266655697,0.3574624002959048,0,pre_2022,,0.07891926821321243
2020-05-31,0.05,0.0684931507334113,2.573618421905214,34.15,9002.82,5.46,112.3,63.429831412147664,0.2532411363578291,0.17825316662838375,0,pre_2022,,0.08223684225231404
2020-06-30,0.08,0.1088962733745575,2.2672188327712943,41.64,9027.88,5.28,112.4,19.829865772996946,0.2779705295528956,0.08900757151932837,0,pre_2022,,0.11535622179508202
2020-07-31,0.1,0.0936135746538639,2.9752579814599343,43.13,9056.86,5.12,113.2,3.515756691298355,0.32049147298351954,0.7092228309491411,0,pre_2022,,0.11251631565392012
2020-08-31,0.09,0.1157665077596902,1.489917969251845,45.22,9141.83,5.84,114.8,4.732065619007209,0.9338102627046041,1.40353181163837,0,pre_2022,,0.13802929781377307
2020-09-30,0.09,0.1810360297560692,0.629329163026461,40.3,9235.0,4.63,115.0,-11.518799789718681,1.0140029407876838,0.17406444777838814,0,pre_2022,,0.21845312975347037
2020-10-31,0.09,0.1864428226836025,0.1132479382570087,36.33,9255.0,3.63,114.7,-10.37076227195266,0.2163332374257365,-0.2612104227925016,0,pre_2022,,0.23199898749589912
2020-11-30,0.09,0.155095674097538,0.7811730831750936,46.84,9285.0,3.63,114.2,25.409369249640612,0.32362487792081396,-0.43687269134151663,0,pre_2022,,0.1743679177016019
2020-12-31,0.09,0.1822474002838134,1.7208424055713394,51.22,9300.0,3.19,114.2,8.939254204186264,0.1614205354542264,0.0,0,pre_2022,,0.21718602068722243
2021-01-31,0.07,0.1406519517302513,1.3728204390953436,55.25,9335.0,2.01,114.0,7.573825962648328,0.37563768344757165,-0.17528488274143328,0,pre_2022,,0.1636516414582729
2021-02-28,0.07,0.1130871839821338,2.0040891672666814,65.86,9355.0,1.91,113.6,17.566293655035548,0.21401827323668243,-0.35149421074445186,0,pre_2022,,0.1316934088245034
2021-03-31,0.06,0.1484716162085533,2.3324458448627863,63.52,9400.0,2.48,114.4,-3.6176460009337497,0.4798729549904124,0.701757265864611,0,pre_2022,,0.1615720521658659
2021-04-30,0.05,0.126635318249464,2.823524005064383,67.73,9401.14,3.23,115.8,6.417439628793176,0.012126924233335501,1.2163486193197848,0,pre_2022,,0.13967130612581963
2021-05-31,0.05,0.298046351224184,3.1056270418213283,69.36,9447.49,3.55,116.4,2.3781119245474436,0.4918139241576469,0.5167970158442614,0,pre_2022,,0.36233531311154366
2021-06-30,0.08,0.1327515803277492,2.830221872265033,76.94,9486.47,3.96,116.9,10.37155648518624,0.4117475168525786,0.42863331806852756,0,pre_2022,,0.15433531627058983
2021-07-31,0.07,0.0923187226057052,3.010141189370568,77.72,9558.76,4.7,118.5,1.0086727185090183,0.759143860925171,1.3594092097163113,0,pre_2022,,0.10643541999161236
2021-08-31,0.06,0.1477190401405096,3.3856253382533024,73.45,9599.31,3.81,119.21,-5.65077218893526,0.4233209353014189,0.5973683154723908,0,pre_2022,,0.17740767076611516
2021-09-30,0.06,0.0908239684998989,3.4570157002155875,77.81,9929.71,4.17,119.81,5.766505500895214,3.384005230894793,0.5020510921897703,0,pre_2022,,0.10884831286966795
2021-10-31,0.07,0.1335304893553257,4.004179961185753,83.1,10311.85,5.04,120.2,6.57747442325638,3.776244617166924,0.32498674492993374,0,pre_2022,,0.15683111175894737
2021-11-30,0.07,0.1781568333506584,4.410103696960966,70.86,10855.15,4.72,120.03,-15.933860242407683,5.134590238031578,-0.1415310563853467,0,pre_2022,,0.20018952712416646
2021-12-31,0.07,0.1372500658035278,4.487952923456126,77.24,11194.1,5.27,120.3,8.621135812298775,3.074723203482854,0.2246911443379851,0,pre_2022,,0.15675142407417292
2022-01-31,0.08,0.1347682803869247,3.775205163527057,92.35,11354.8,6.25,121.1,17.866824908493495,1.4253708229810869,0.6628027578413409,1,post_2022,,0.15149312093853948
2022-02-28,0.08,0.1570522502064704,2.8502603646535367,103.08,11470.8,7.31,122.0,10.991967913891543,1.0164113859348234,0.7404394174209905,1,post_2022,,0.18247256614267826
2022-03-31,0.33,0.4545016810297966,2.90310810384796,107.29,11750.0,8.54,124.2,4.003006286449118,2.4048564714588494,1.7872124766121544,1,post_2022,benchmark_2022_03,0.5440539196133614
2022-04-30,0.33,0.2134608656167984,3.599586498187192,108.36,12387.5,9.9,124.23,0.9923568568239283,5.283465906593854,0.024151672620753573,1,post_2022,,0.24641315825283522
2022-05-31,0.83,0.1720332741737365,2.801015047440758,125.53,13450.0,12.8,131.3,14.708575661322243,8.22912063917407,5.535009508316513,1,post_2022,,0.2023088671267032
2022-06-30,1.58,0.2413468353450298,2.4661611170016835,119.78,15034.85,23.61,144.5,-4.688804699380089,11.139173362189325,9.579472624373597,1,post_2022,,0.28696727380156517
2022-07-31,2.32,0.3253166019916534,1.8655129664162544,111.51,15103.2,25.62,148.9,-7.154245385904545,0.45358022289558875,2.9995432137476463,1,post_2022,,0.3950273022055626
2022-08-31,2.33,0.2060634784400463,1.5428728066959234,96.55,15440.0,30.01,155.0,-14.405326410274721,2.2054902697933088,4.015017722928338,1,post_2022,,0.24425627849996084
2022-09-30,3.08,0.1696612626314163,1.0455336750278017,88.9,16525.0,34.05,160.6,-8.254886635466452,6.791284114112095,3.549168459341434,1,post_2022,,0.2032400537282228
2022-10-31,3.08,0.2237873464822769,1.1500700577065777,93.3,16922.5,36.75,164.3,4.8307965333439284,2.3769711662874116,2.2777223530561663,1,post_2022,,0.26837441977113485
2022-11-30,3.83,0.2075374886393547,1.27814929284958,85.61,17320.0,38.46,166.2,-8.6018009098904,2.321780573366361,1.1497857378125254,1,post_2022,,0.24089172855019564
2022-12-31,4.33,0.1252247206866741,1.3484549716876613,82.82,17345.0,39.27,167.5,-3.3132520636972806,0.1442377287425245,0.7791468843772797,1,post_2022,,0.14723203517496583
2023-01-31,4.33,0.1149860985577106,1.087797980587445,83.42,16835.0,40.3,169.9,0.7218510651378018,-2.9844227808675683,1.4226677412765731,1,post_2022,,0.1342557463794946
2023-02-28,4.57,0.2054703131318092,-0.2254747268006647,83.21,16925.0,41.26,172.3,-0.25205558564609376,0.5331766185300069,1.402711485599717,1,post_2022,,0.23348899185657498
2023-03-31,4.83,0.2040334902703762,-1.1674241167820636,79.19,17005.0,40.97,175.1,-4.951750469001759,0.4715599660821468,1.6120095757922392,1,post_2022,,0.23882532771676776
2023-04-30,4.83,0.2762645937502384,-1.3116601272112964,81.32,17325.0,39.89,178.0,2.6541960537825204,1.8643126616806782,1.6426311000278915,1,post_2022,,0.33236057311296463
2023-05-31,5.08,0.2617230087518692,-1.590209537969124,71.98,17742.5,38.86,182.3,-12.200368610926127,2.381234634103535,2.3870131392532024,1,post_2022,,0.281715739518404
2023-06-30,5.08,0.1516912385821342,-1.1187357914598504,74.51,18750.0,28.64,185.9,3.4545041914751273,5.523086099941743,1.9555213042781183,1,post_2022,,0.15903113782405848
2023-07-31,5.33,0.2173373118042945,-0.9469449369655812,85.22,19087.5,27.8,190.2,13.430280350613,1.7839918128331078,2.286725538389156,1,post_2022,,0.24372827075421807
2023-08-31,5.33,0.1953646346926689,-1.0776732646928744,87.29,19645.0,25.88,195.1,2.3999760675492254,2.8789182465672525,2.543609751777609,1,post_2022,,0.2108360584825277
2023-09-30,5.33,0.2153790324926376,-0.6594858461577708,95.86,20305.0,25.69,201.9,9.365288498422686,3.3044308127838207,3.426027768972606,1,post_2022,,0.2404864206910133
2023-10-31,5.33,1.447423443198204,-0.3747982351737832,86.82,20725.3,25.83,206.8,-9.905178386003755,2.048801504974307,2.397961731548204,1,post_2022,scenario_2023_10,1.7928584516048431
2023-11-30,5.33,0.9938043527305126,0.1655669910250763,81.72,20695.0,25.24,208.1,-6.053823992202645,-0.14630509873079234,0.6266590765314994,1,post_2022,,1.2281744591891766
2023-12-31,5.33,0.795571580529213,-0.1626667626585215,77.69,20566.7,24.37,208.4,-5.057222098709158,-0.6218862213234644,0.14405764796228127,1,post_2022,,0.9654994904994965
2024-01-31,5.33,1.0046348810195922,-0.3408704934561081,82.98,20740.65,24.44,211.5,6.587306594239273,0.8422279727835047,1.4765688607121241,1,post_2022,,1.175936408340931
2024-02-29,5.33,0.7629392132163048,-0.1916074718767962,84.57,20878.0,25.35,216.0,1.89799788894085,0.660043027080981,2.1053409197832273,1,post_2022,,0.9225937314331532
2024-03-31,5.33,0.6183919340372086,-0.353103711601664,86.17,21115.0,24.98,218.8,1.8742495457544806,1.1287715399801002,1.2879662863660712,1,post_2022,,0.7437914907932281
2024-04-30,5.33,0.8784254163503646,-0.9594030749976188,88.23,21353.95,24.92,222.3,2.362495198233816,1.125304588577336,1.5869750422324636,1,post_2022,,1.063223846256733
2024-05-31,5.33,0.6153657913208008,-0.5840523335409036,79.41,21491.35,25.77,229.3,-10.532273632689382,0.641379432589062,3.1003368893708583,1,post_2022,,0.7233300693333149
2024-06-30,5.33,0.4844027385115623,-0.3512476873787159,87.26,22075.0,26.15,234.5,9.42678627883442,2.6795217892452428,2.2424398022474534,1,post_2022,,0.576971847563982
2024-07-31,5.33,0.3399433501064777,-0.0444670234599802,81.39,22200.0,26.09,239.8,-6.963975235651354,0.5646542388209497,2.2349654707079836,1,post_2022,,0.4110728017985821
2024-08-31,5.33,0.6443853721022605,0.212246377358477,80.2,22101.5,24.29,242.5,-1.4728900466481676,-0.444680935464703,1.1196467784124309,1,post_2022,,0.7880744487047195
2024-09-30,4.83,0.5620974540710449,0.1058789376970671,72.35,22081.5,21.74,245.8,-10.300806179497624,-0.09053256395450404,1.3516486754396873,1,post_2022,,0.6847309842705727
2024-10-31,4.83,0.6207493722438813,-0.3486720340576891,73.25,21937.5,20.73,249.6,1.2362794819684275,-0.6542652657955728,1.5341439363337983,1,post_2022,,0.7372944504022598
2024-11-30,4.58,0.440778286755085,-0.281542568948553,74.16,21947.5,18.32,246.3,1.23466733604225,0.04557365921407097,-1.3309331368780875,1,post_2022,,0.5273597352206707
2024-12-31,4.33,0.7024132549762726,-0.2629312544268266,74.58,21818.0,16.87,243.5,0.5647453493075716,-0.5917920642660945,-1.143336260384764,1,post_2022,,0.8519368693232536
2025-01-31,4.33,0.3751803815364837,-0.1782177813222725,77.11,21751.0,15.5,244.2,3.3360599094193866,-0.3075583686287686,0.2870619153959808,1,post_2022,,0.44858523830771446
2025-02-28,4.33,0.4772819176316261,0.0004617904094756,74.76,21725.0,12.7,243.5,-3.094999125750686,-0.11960623378222124,-0.2870619153959808,1,post_2022,,0.5780639052391052
2025-03-31,4.33,0.5670898035168648,-0.1818330172401286,77.23,21660.0,11.2,243.3,3.2504999993810735,-0.299642957861046,-0.08216927331670121,1,post_2022,,0.6881005987524986
2025-04-30,4.33,0.4032551944255829,-0.2440076845224407,63.37,21614.25,11.1,247.1,-19.7797419245747,-0.211442218154545,1.5497863205086837,1,post_2022,,0.4752216711640358
2025-05-31,4.33,0.7141600832343101,0.2779360309817102,64.32,21597.0,8.3,248.4,1.4880061535285094,-0.07984032360237592,0.5247237064759602,1,post_2022,,0.8692465722560883
2025-06-30,4.33,1.1354854702949524,0.0850793714831514,68.15,21550.0,7.2,251.4,5.784053327183081,-0.2178599605517917,1.2004946096823232,1,post_2022,,1.4068926721811295
2025-07-31,4.33,0.5367356009781361,0.0222217058861297,73.43,21625.0,5.3,252.6,7.462141332097705,0.3474236268186104,0.4761913760243708,1,post_2022,,0.6583495810627937
2025-08-31,4.33,0.4379875570535659,-0.0850371136305521,67.83,21695.0,5.0,254.5,-7.9327996505530685,0.3231766432369554,0.7493626074186466,1,post_2022,,0.5278036333620548
2025-09-30,4.09,0.4397637575864792,-0.0229916258742985,68.52,21675.0,4.5,256.9,1.0121098497931413,-0.09222965837079045,0.9386068125261104,1,post_2022,,0.5301359221339226
2025-10-31,3.86,0.551826000213623,-0.0821950955148708,65.44,21707.0,4.0,259.6,-4.599198116142755,0.14752665070201232,1.0455080714097065,1,post_2022,,0.6629296541213989
2025-11-30,3.89,0.3062381833791733,-0.1566948090169795,64.07,21700.0,4.8,258.0,-2.1157456643561723,-0.032252862721193765,-0.6182399908317926,1,post_2022,,0.3213610574603081
2025-12-31,3.64,0.2472545556724071,0.5438140135774694,61.35,21620.0,5.6,257.2,-4.338106449400936,-0.3693448335351235,-0.3105592558153347,1,post_2022,,0.2992043159902095
2026-01-31,3.64,0.4280277073383331,0.4157784051618063,72.25,21506.0,5.1,256.8,16.353715583562067,-0.528684624272735,-0.15564205476579218,1,post_2022,,0.5194359570741653
2026-02-28,3.64,0.4212225638329983,0.4935899721307661,71.32,21406.0,6.2,258.7,-1.2955533997602409,-0.46607094061510423,0.7371517376177472,1,post_2022,scenario_2026_02,0.513686053454876
